S.No.,Name,Time
1,Ron weasley,0.23221898078918457
2,Hermoine granger,11.342986106872559
3,Harry potter,32.06416392326355
4,Harry potter,37.6861732006073
